annotation	bilirubin	time
35w_norisk	19.6	360
36w_norisk	20.4	360
37w_norisk	21.1	360
38w_norisk	21.8	360
39w_norisk	21.8	360
40w_norisk	21.8	360
NA	NA	NA
NA	NA	NA
35w_norisk	NA	0
35w_norisk	10.6	24
35w_norisk	14.2	48
35w_norisk	16.8	72
35w_norisk	18.6	96
35w_norisk	18.7	120
35w_norisk	18.8	144
35w_norisk	18.9	168
35w_norisk	19	192
35w_norisk	19.1	216
35w_norisk	19.2	240
35w_norisk	19.3	264
35w_norisk	19.4	288
35w_norisk	19.5	312
35w_norisk	19.6	336
35w_norisk	6.4	1
35w_norisk	10.8	25
35w_norisk	14.3	49
35w_norisk	16.9	73
35w_norisk	18.6	97
35w_norisk	18.7	121
35w_norisk	18.8	145
35w_norisk	18.9	169
35w_norisk	19	193
35w_norisk	19.1	217
35w_norisk	19.2	241
35w_norisk	19.3	265
35w_norisk	19.4	289
35w_norisk	19.5	313
35w_norisk	19.6	337
35w_norisk	6.6	2
35w_norisk	10.9	26
35w_norisk	14.4	50
35w_norisk	17	74
35w_norisk	18.6	98
35w_norisk	18.7	122
35w_norisk	18.8	146
35w_norisk	18.9	170
35w_norisk	19	194
35w_norisk	19.1	218
35w_norisk	19.2	242
35w_norisk	19.3	266
35w_norisk	19.4	290
35w_norisk	19.5	314
35w_norisk	19.6	338
35w_norisk	6.8	3
35w_norisk	11.1	27
35w_norisk	14.5	51
35w_norisk	17.1	75
35w_norisk	18.6	99
35w_norisk	18.7	123
35w_norisk	18.8	147
35w_norisk	18.9	171
35w_norisk	19	195
35w_norisk	19.1	219
35w_norisk	19.2	243
35w_norisk	19.3	267
35w_norisk	19.4	291
35w_norisk	19.5	315
35w_norisk	19.6	339
35w_norisk	7	4
35w_norisk	11.3	28
35w_norisk	14.7	52
35w_norisk	17.2	76
35w_norisk	18.6	100
35w_norisk	18.7	124
35w_norisk	18.8	148
35w_norisk	18.9	172
35w_norisk	19	196
35w_norisk	19.1	220
35w_norisk	19.2	244
35w_norisk	19.3	268
35w_norisk	19.5	292
35w_norisk	19.6	316
35w_norisk	19.6	340
35w_norisk	7.2	5
35w_norisk	11.4	29
35w_norisk	14.8	53
35w_norisk	17.3	77
35w_norisk	18.6	101
35w_norisk	18.7	125
35w_norisk	18.8	149
35w_norisk	18.9	173
35w_norisk	19	197
35w_norisk	19.1	221
35w_norisk	19.3	245
35w_norisk	19.4	269
35w_norisk	19.5	293
35w_norisk	19.6	317
35w_norisk	19.6	341
35w_norisk	7.4	6
35w_norisk	11.6	30
35w_norisk	14.9	54
35w_norisk	17.4	78
35w_norisk	18.6	102
35w_norisk	18.7	126
35w_norisk	18.8	150
35w_norisk	18.9	174
35w_norisk	19	198
35w_norisk	19.2	222
35w_norisk	19.3	246
35w_norisk	19.4	270
35w_norisk	19.5	294
35w_norisk	19.6	318
35w_norisk	19.6	342
35w_norisk	7.6	7
35w_norisk	11.7	31
35w_norisk	15	55
35w_norisk	17.5	79
35w_norisk	18.6	103
35w_norisk	18.7	127
35w_norisk	18.8	151
35w_norisk	19	175
35w_norisk	19.1	199
35w_norisk	19.2	223
35w_norisk	19.3	247
35w_norisk	19.4	271
35w_norisk	19.5	295
35w_norisk	19.6	319
35w_norisk	19.6	343
35w_norisk	7.8	8
35w_norisk	11.9	32
35w_norisk	15.1	56
35w_norisk	17.5	80
35w_norisk	18.6	104
35w_norisk	18.7	128
35w_norisk	18.9	152
35w_norisk	19	176
35w_norisk	19.1	200
35w_norisk	19.2	224
35w_norisk	19.3	248
35w_norisk	19.4	272
35w_norisk	19.5	296
35w_norisk	19.6	320
35w_norisk	19.6	344
35w_norisk	7.9	9
35w_norisk	12	33
35w_norisk	15.3	57
35w_norisk	17.6	81
35w_norisk	18.6	105
35w_norisk	18.8	129
35w_norisk	18.9	153
35w_norisk	19	177
35w_norisk	19.1	201
35w_norisk	19.2	225
35w_norisk	19.3	249
35w_norisk	19.4	273
35w_norisk	19.5	297
35w_norisk	19.6	321
35w_norisk	19.6	345
35w_norisk	8.1	10
35w_norisk	12.2	34
35w_norisk	15.4	58
35w_norisk	17.7	82
35w_norisk	18.7	106
35w_norisk	18.8	130
35w_norisk	18.9	154
35w_norisk	19	178
35w_norisk	19.1	202
35w_norisk	19.2	226
35w_norisk	19.3	250
35w_norisk	19.4	274
35w_norisk	19.5	298
35w_norisk	19.6	322
35w_norisk	19.6	346
35w_norisk	8.3	11
35w_norisk	12.3	35
35w_norisk	15.5	59
35w_norisk	17.8	83
35w_norisk	18.7	107
35w_norisk	18.8	131
35w_norisk	18.9	155
35w_norisk	19	179
35w_norisk	19.1	203
35w_norisk	19.2	227
35w_norisk	19.3	251
35w_norisk	19.4	275
35w_norisk	19.5	299
35w_norisk	19.6	323
35w_norisk	19.6	347
35w_norisk	8.5	12
35w_norisk	12.5	36
35w_norisk	15.6	60
35w_norisk	17.8	84
35w_norisk	18.7	108
35w_norisk	18.8	132
35w_norisk	18.9	156
35w_norisk	19	180
35w_norisk	19.1	204
35w_norisk	19.2	228
35w_norisk	19.3	252
35w_norisk	19.4	276
35w_norisk	19.5	300
35w_norisk	19.6	324
35w_norisk	19.6	348
35w_norisk	8.7	13
35w_norisk	12.6	37
35w_norisk	15.7	61
35w_norisk	17.9	85
35w_norisk	18.7	109
35w_norisk	18.8	133
35w_norisk	18.9	157
35w_norisk	19	181
35w_norisk	19.1	205
35w_norisk	19.2	229
35w_norisk	19.3	253
35w_norisk	19.4	277
35w_norisk	19.5	301
35w_norisk	19.6	325
35w_norisk	19.6	349
35w_norisk	8.9	14
35w_norisk	12.8	38
35w_norisk	15.8	62
35w_norisk	18	86
35w_norisk	18.7	110
35w_norisk	18.8	134
35w_norisk	18.9	158
35w_norisk	19	182
35w_norisk	19.1	206
35w_norisk	19.2	230
35w_norisk	19.3	254
35w_norisk	19.4	278
35w_norisk	19.5	302
35w_norisk	19.6	326
35w_norisk	19.6	350
35w_norisk	9	15
35w_norisk	12.9	39
35w_norisk	15.9	63
35w_norisk	18.1	87
35w_norisk	18.7	111
35w_norisk	18.8	135
35w_norisk	18.9	159
35w_norisk	19	183
35w_norisk	19.1	207
35w_norisk	19.2	231
35w_norisk	19.3	255
35w_norisk	19.4	279
35w_norisk	19.5	303
35w_norisk	19.6	327
35w_norisk	19.6	351
35w_norisk	9.2	16
35w_norisk	13.1	40
35w_norisk	16	64
35w_norisk	18.1	88
35w_norisk	18.7	112
35w_norisk	18.8	136
35w_norisk	18.9	160
35w_norisk	19	184
35w_norisk	19.1	208
35w_norisk	19.2	232
35w_norisk	19.3	256
35w_norisk	19.4	280
35w_norisk	19.5	304
35w_norisk	19.6	328
35w_norisk	19.6	352
35w_norisk	9.4	17
35w_norisk	13.2	41
35w_norisk	16.1	65
35w_norisk	18.2	89
35w_norisk	18.7	113
35w_norisk	18.8	137
35w_norisk	18.9	161
35w_norisk	19	185
35w_norisk	19.1	209
35w_norisk	19.2	233
35w_norisk	19.3	257
35w_norisk	19.4	281
35w_norisk	19.5	305
35w_norisk	19.6	329
35w_norisk	19.6	353
35w_norisk	9.6	18
35w_norisk	13.4	42
35w_norisk	16.2	66
35w_norisk	18.3	90
35w_norisk	18.7	114
35w_norisk	18.8	138
35w_norisk	18.9	162
35w_norisk	19	186
35w_norisk	19.1	210
35w_norisk	19.2	234
35w_norisk	19.3	258
35w_norisk	19.4	282
35w_norisk	19.5	306
35w_norisk	19.6	330
35w_norisk	19.6	354
35w_norisk	9.8	19
35w_norisk	13.5	43
35w_norisk	16.3	67
35w_norisk	18.3	91
35w_norisk	18.7	115
35w_norisk	18.8	139
35w_norisk	18.9	163
35w_norisk	19	187
35w_norisk	19.1	211
35w_norisk	19.2	235
35w_norisk	19.3	259
35w_norisk	19.4	283
35w_norisk	19.5	307
35w_norisk	19.6	331
35w_norisk	19.6	355
35w_norisk	9.9	20
35w_norisk	13.6	44
35w_norisk	16.4	68
35w_norisk	18.4	92
35w_norisk	18.7	116
35w_norisk	18.8	140
35w_norisk	18.9	164
35w_norisk	19	188
35w_norisk	19.1	212
35w_norisk	19.2	236
35w_norisk	19.3	260
35w_norisk	19.4	284
35w_norisk	19.5	308
35w_norisk	19.6	332
35w_norisk	19.6	356
35w_norisk	10.1	21
35w_norisk	13.8	45
35w_norisk	16.5	69
35w_norisk	18.5	93
35w_norisk	18.7	117
35w_norisk	18.8	141
35w_norisk	18.9	165
35w_norisk	19	189
35w_norisk	19.1	213
35w_norisk	19.2	237
35w_norisk	19.3	261
35w_norisk	19.4	285
35w_norisk	19.5	309
35w_norisk	19.6	333
35w_norisk	19.6	357
35w_norisk	10.3	22
35w_norisk	13.9	46
35w_norisk	16.6	70
35w_norisk	18.5	94
35w_norisk	18.7	118
35w_norisk	18.8	142
35w_norisk	18.9	166
35w_norisk	19	190
35w_norisk	19.1	214
35w_norisk	19.2	238
35w_norisk	19.3	262
35w_norisk	19.4	286
35w_norisk	19.5	310
35w_norisk	19.6	334
35w_norisk	19.6	358
35w_norisk	10.4	23
35w_norisk	14	47
35w_norisk	16.7	71
35w_norisk	18.6	95
35w_norisk	18.7	119
35w_norisk	18.8	143
35w_norisk	18.9	167
35w_norisk	19	191
35w_norisk	19.1	215
35w_norisk	19.2	239
35w_norisk	19.3	263
35w_norisk	19.4	287
35w_norisk	19.5	311
35w_norisk	19.6	335
35w_norisk	19.6	359
NA	NA	NA
36w_norisk	NA	0
36w_norisk	11.2	24
36w_norisk	14.8	48
36w_norisk	17.5	72
36w_norisk	19.3	96
36w_norisk	19.4	120
36w_norisk	19.5	144
36w_norisk	19.6	168
36w_norisk	19.7	192
36w_norisk	19.8	216
36w_norisk	19.9	240
36w_norisk	20.1	264
36w_norisk	20.2	288
36w_norisk	20.3	312
36w_norisk	20.4	336
36w_norisk	6.9	1
36w_norisk	11.3	25
36w_norisk	14.9	49
36w_norisk	17.6	73
36w_norisk	19.3	97
36w_norisk	19.4	121
36w_norisk	19.5	145
36w_norisk	19.6	169
36w_norisk	19.7	193
36w_norisk	19.9	217
36w_norisk	20	241
36w_norisk	20.1	265
36w_norisk	20.2	289
36w_norisk	20.3	313
36w_norisk	20.4	337
36w_norisk	7.1	2
36w_norisk	11.5	26
36w_norisk	15	50
36w_norisk	17.7	74
36w_norisk	19.3	98
36w_norisk	19.4	122
36w_norisk	19.5	146
36w_norisk	19.6	170
36w_norisk	19.8	194
36w_norisk	19.9	218
36w_norisk	20	242
36w_norisk	20.1	266
36w_norisk	20.2	290
36w_norisk	20.3	314
36w_norisk	20.4	338
36w_norisk	7.3	3
36w_norisk	11.7	27
36w_norisk	15.1	51
36w_norisk	17.8	75
36w_norisk	19.3	99
36w_norisk	19.4	123
36w_norisk	19.6	147
36w_norisk	19.7	171
36w_norisk	19.8	195
36w_norisk	19.9	219
36w_norisk	20	243
36w_norisk	20.1	267
36w_norisk	20.2	291
36w_norisk	20.3	315
36w_norisk	20.4	339
36w_norisk	7.5	4
36w_norisk	11.8	28
36w_norisk	15.3	52
36w_norisk	17.9	76
36w_norisk	19.3	100
36w_norisk	19.5	124
36w_norisk	19.6	148
36w_norisk	19.7	172
36w_norisk	19.8	196
36w_norisk	19.9	220
36w_norisk	20	244
36w_norisk	20.1	268
36w_norisk	20.2	292
36w_norisk	20.3	316
36w_norisk	20.4	340
36w_norisk	7.7	5
36w_norisk	12	29
36w_norisk	15.4	53
36w_norisk	17.9	77
36w_norisk	19.4	101
36w_norisk	19.5	125
36w_norisk	19.6	149
36w_norisk	19.7	173
36w_norisk	19.8	197
36w_norisk	19.9	221
36w_norisk	20	245
36w_norisk	20.1	269
36w_norisk	20.2	293
36w_norisk	20.3	317
36w_norisk	20.4	341
36w_norisk	7.9	6
36w_norisk	12.1	30
36w_norisk	15.5	54
36w_norisk	18	78
36w_norisk	19.4	102
36w_norisk	19.5	126
36w_norisk	19.6	150
36w_norisk	19.7	174
36w_norisk	19.8	198
36w_norisk	19.9	222
36w_norisk	20	246
36w_norisk	20.1	270
36w_norisk	20.2	294
36w_norisk	20.3	318
36w_norisk	20.4	342
36w_norisk	8.1	7
36w_norisk	12.3	31
36w_norisk	15.6	55
36w_norisk	18.1	79
36w_norisk	19.4	103
36w_norisk	19.5	127
36w_norisk	19.6	151
36w_norisk	19.7	175
36w_norisk	19.8	199
36w_norisk	19.9	223
36w_norisk	20	247
36w_norisk	20.1	271
36w_norisk	20.2	295
36w_norisk	20.3	319
36w_norisk	20.4	343
36w_norisk	8.3	8
36w_norisk	12.5	32
36w_norisk	15.8	56
36w_norisk	18.2	80
36w_norisk	19.4	104
36w_norisk	19.5	128
36w_norisk	19.6	152
36w_norisk	19.7	176
36w_norisk	19.8	200
36w_norisk	19.9	224
36w_norisk	20	248
36w_norisk	20.1	272
36w_norisk	20.2	296
36w_norisk	20.3	320
36w_norisk	20.4	344
36w_norisk	8.5	9
36w_norisk	12.6	33
36w_norisk	15.9	57
36w_norisk	18.3	81
36w_norisk	19.4	105
36w_norisk	19.5	129
36w_norisk	19.6	153
36w_norisk	19.7	177
36w_norisk	19.8	201
36w_norisk	19.9	225
36w_norisk	20	249
36w_norisk	20.1	273
36w_norisk	20.2	297
36w_norisk	20.3	321
36w_norisk	20.4	345
36w_norisk	8.7	10
36w_norisk	12.8	34
36w_norisk	16	58
36w_norisk	18.4	82
36w_norisk	19.4	106
36w_norisk	19.5	130
36w_norisk	19.6	154
36w_norisk	19.7	178
36w_norisk	19.8	202
36w_norisk	19.9	226
36w_norisk	20	250
36w_norisk	20.1	274
36w_norisk	20.2	298
36w_norisk	20.3	322
36w_norisk	20.4	346
36w_norisk	8.8	11
36w_norisk	12.9	35
36w_norisk	16.1	59
36w_norisk	18.4	83
36w_norisk	19.4	107
36w_norisk	19.5	131
36w_norisk	19.6	155
36w_norisk	19.7	179
36w_norisk	19.8	203
36w_norisk	19.9	227
36w_norisk	20	251
36w_norisk	20.1	275
36w_norisk	20.2	299
36w_norisk	20.3	323
36w_norisk	20.4	347
36w_norisk	9	12
36w_norisk	13.1	36
36w_norisk	16.2	60
36w_norisk	18.5	84
36w_norisk	19.4	108
36w_norisk	19.5	132
36w_norisk	19.6	156
36w_norisk	19.7	180
36w_norisk	19.8	204
36w_norisk	19.9	228
36w_norisk	20	252
36w_norisk	20.1	276
36w_norisk	20.2	300
36w_norisk	20.3	324
36w_norisk	20.4	348
36w_norisk	9.2	13
36w_norisk	13.2	37
36w_norisk	16.3	61
36w_norisk	18.6	85
36w_norisk	19.4	109
36w_norisk	19.5	133
36w_norisk	19.6	157
36w_norisk	19.7	181
36w_norisk	19.8	205
36w_norisk	19.9	229
36w_norisk	20	253
36w_norisk	20.1	277
36w_norisk	20.2	301
36w_norisk	20.3	325
36w_norisk	20.4	349
36w_norisk	9.4	14
36w_norisk	13.4	38
36w_norisk	16.5	62
36w_norisk	18.7	86
36w_norisk	19.4	110
36w_norisk	19.5	134
36w_norisk	19.6	158
36w_norisk	19.7	182
36w_norisk	19.8	206
36w_norisk	19.9	230
36w_norisk	20	254
36w_norisk	20.1	278
36w_norisk	20.2	302
36w_norisk	20.3	326
36w_norisk	20.4	350
36w_norisk	9.6	15
36w_norisk	13.5	39
36w_norisk	16.6	63
36w_norisk	18.8	87
36w_norisk	19.4	111
36w_norisk	19.5	135
36w_norisk	19.6	159
36w_norisk	19.7	183
36w_norisk	19.8	207
36w_norisk	19.9	231
36w_norisk	20	255
36w_norisk	20.1	279
36w_norisk	20.2	303
36w_norisk	20.3	327
36w_norisk	20.4	351
36w_norisk	9.8	16
36w_norisk	13.7	40
36w_norisk	16.7	64
36w_norisk	18.8	88
36w_norisk	19.4	112
36w_norisk	19.5	136
36w_norisk	19.6	160
36w_norisk	19.7	184
36w_norisk	19.8	208
36w_norisk	19.9	232
36w_norisk	20	256
36w_norisk	20.1	280
36w_norisk	20.2	304
36w_norisk	20.3	328
36w_norisk	20.4	352
36w_norisk	9.9	17
36w_norisk	13.8	41
36w_norisk	16.8	65
36w_norisk	18.9	89
36w_norisk	19.4	113
36w_norisk	19.5	137
36w_norisk	19.6	161
36w_norisk	19.7	185
36w_norisk	19.8	209
36w_norisk	19.9	233
36w_norisk	20	257
36w_norisk	20.1	281
36w_norisk	20.2	305
36w_norisk	20.3	329
36w_norisk	20.4	353
36w_norisk	10.1	18
36w_norisk	13.9	42
36w_norisk	16.9	66
36w_norisk	19	90
36w_norisk	19.4	114
36w_norisk	19.5	138
36w_norisk	19.6	162
36w_norisk	19.7	186
36w_norisk	19.8	210
36w_norisk	19.9	234
36w_norisk	20	258
36w_norisk	20.1	282
36w_norisk	20.2	306
36w_norisk	20.3	330
36w_norisk	20.4	354
36w_norisk	10.3	19
36w_norisk	14.1	43
36w_norisk	17	67
36w_norisk	19	91
36w_norisk	19.4	115
36w_norisk	19.5	139
36w_norisk	19.6	163
36w_norisk	19.7	187
36w_norisk	19.8	211
36w_norisk	19.9	235
36w_norisk	20	259
36w_norisk	20.1	283
36w_norisk	20.2	307
36w_norisk	20.3	331
36w_norisk	20.4	355
36w_norisk	10.5	20
36w_norisk	14.2	44
36w_norisk	17.1	68
36w_norisk	19.1	92
36w_norisk	19.4	116
36w_norisk	19.5	140
36w_norisk	19.6	164
36w_norisk	19.7	188
36w_norisk	19.8	212
36w_norisk	19.9	236
36w_norisk	20	260
36w_norisk	20.1	284
36w_norisk	20.2	308
36w_norisk	20.3	332
36w_norisk	20.4	356
36w_norisk	10.6	21
36w_norisk	14.4	45
36w_norisk	17.2	69
36w_norisk	19.2	93
36w_norisk	19.4	117
36w_norisk	19.5	141
36w_norisk	19.6	165
36w_norisk	19.7	189
36w_norisk	19.8	213
36w_norisk	19.9	237
36w_norisk	20	261
36w_norisk	20.1	285
36w_norisk	20.2	309
36w_norisk	20.3	333
36w_norisk	20.4	357
36w_norisk	10.8	22
36w_norisk	14.5	46
36w_norisk	17.3	70
36w_norisk	19.2	94
36w_norisk	19.4	118
36w_norisk	19.5	142
36w_norisk	19.6	166
36w_norisk	19.7	190
36w_norisk	19.8	214
36w_norisk	19.9	238
36w_norisk	20	262
36w_norisk	20.1	286
36w_norisk	20.2	310
36w_norisk	20.4	334
36w_norisk	20.4	358
36w_norisk	11	23
36w_norisk	14.6	47
36w_norisk	17.4	71
36w_norisk	19.3	95
36w_norisk	19.4	119
36w_norisk	19.5	143
36w_norisk	19.6	167
36w_norisk	19.7	191
36w_norisk	19.8	215
36w_norisk	19.9	239
36w_norisk	20	263
36w_norisk	20.1	287
36w_norisk	20.2	311
36w_norisk	20.4	335
36w_norisk	20.4	359
NA	NA	NA
37w_norisk	NA	0
37w_norisk	11.7	24
37w_norisk	15.4	48
37w_norisk	18.1	72
37w_norisk	20	96
37w_norisk	20.2	120
37w_norisk	20.3	144
37w_norisk	20.4	168
37w_norisk	20.5	192
37w_norisk	20.6	216
37w_norisk	20.7	240
37w_norisk	20.8	264
37w_norisk	20.9	288
37w_norisk	21	312
37w_norisk	21.1	336
37w_norisk	7.4	1
37w_norisk	11.9	25
37w_norisk	15.5	49
37w_norisk	18.2	73
37w_norisk	20.1	97
37w_norisk	20.2	121
37w_norisk	20.3	145
37w_norisk	20.4	169
37w_norisk	20.5	193
37w_norisk	20.6	217
37w_norisk	20.7	241
37w_norisk	20.8	265
37w_norisk	20.9	289
37w_norisk	21	313
37w_norisk	21.1	337
37w_norisk	7.6	2
37w_norisk	12.1	26
37w_norisk	15.6	50
37w_norisk	18.3	74
37w_norisk	20.1	98
37w_norisk	20.2	122
37w_norisk	20.3	146
37w_norisk	20.4	170
37w_norisk	20.5	194
37w_norisk	20.6	218
37w_norisk	20.7	242
37w_norisk	20.8	266
37w_norisk	20.9	290
37w_norisk	21	314
37w_norisk	21.1	338
37w_norisk	7.8	3
37w_norisk	12.2	27
37w_norisk	15.8	51
37w_norisk	18.4	75
37w_norisk	20.1	99
37w_norisk	20.2	123
37w_norisk	20.3	147
37w_norisk	20.4	171
37w_norisk	20.5	195
37w_norisk	20.6	219
37w_norisk	20.7	243
37w_norisk	20.8	267
37w_norisk	20.9	291
37w_norisk	21	315
37w_norisk	21.1	339
37w_norisk	8	4
37w_norisk	12.4	28
37w_norisk	15.9	52
37w_norisk	18.5	76
37w_norisk	20.1	100
37w_norisk	20.2	124
37w_norisk	20.3	148
37w_norisk	20.4	172
37w_norisk	20.5	196
37w_norisk	20.6	220
37w_norisk	20.7	244
37w_norisk	20.8	268
37w_norisk	20.9	292
37w_norisk	21	316
37w_norisk	21.1	340
37w_norisk	8.2	5
37w_norisk	12.5	29
37w_norisk	16	53
37w_norisk	18.6	77
37w_norisk	20.1	101
37w_norisk	20.2	125
37w_norisk	20.3	149
37w_norisk	20.4	173
37w_norisk	20.5	197
37w_norisk	20.6	221
37w_norisk	20.7	245
37w_norisk	20.8	269
37w_norisk	20.9	293
37w_norisk	21	317
37w_norisk	21.1	341
37w_norisk	8.4	6
37w_norisk	12.7	30
37w_norisk	16.1	54
37w_norisk	18.7	78
37w_norisk	20.1	102
37w_norisk	20.2	126
37w_norisk	20.3	150
37w_norisk	20.4	174
37w_norisk	20.5	198
37w_norisk	20.6	222
37w_norisk	20.7	246
37w_norisk	20.8	270
37w_norisk	20.9	294
37w_norisk	21	318
37w_norisk	21.1	342
37w_norisk	8.6	7
37w_norisk	12.9	31
37w_norisk	16.3	55
37w_norisk	18.8	79
37w_norisk	20.1	103
37w_norisk	20.2	127
37w_norisk	20.3	151
37w_norisk	20.4	175
37w_norisk	20.5	199
37w_norisk	20.6	223
37w_norisk	20.7	247
37w_norisk	20.8	271
37w_norisk	20.9	295
37w_norisk	21	319
37w_norisk	21.1	343
37w_norisk	8.8	8
37w_norisk	13	32
37w_norisk	16.4	56
37w_norisk	18.9	80
37w_norisk	20.1	104
37w_norisk	20.2	128
37w_norisk	20.3	152
37w_norisk	20.4	176
37w_norisk	20.5	200
37w_norisk	20.6	224
37w_norisk	20.7	248
37w_norisk	20.8	272
37w_norisk	20.9	296
37w_norisk	21	320
37w_norisk	21.1	344
37w_norisk	9	9
37w_norisk	13.2	33
37w_norisk	16.5	57
37w_norisk	19	81
37w_norisk	20.1	105
37w_norisk	20.2	129
37w_norisk	20.3	153
37w_norisk	20.4	177
37w_norisk	20.5	201
37w_norisk	20.6	225
37w_norisk	20.7	249
37w_norisk	20.8	273
37w_norisk	20.9	297
37w_norisk	21	321
37w_norisk	21.1	345
37w_norisk	9.2	10
37w_norisk	13.3	34
37w_norisk	16.6	58
37w_norisk	19	82
37w_norisk	20.1	106
37w_norisk	20.2	130
37w_norisk	20.3	154
37w_norisk	20.4	178
37w_norisk	20.5	202
37w_norisk	20.6	226
37w_norisk	20.7	250
37w_norisk	20.8	274
37w_norisk	20.9	298
37w_norisk	21	322
37w_norisk	21.1	346
37w_norisk	9.4	11
37w_norisk	13.5	35
37w_norisk	16.7	59
37w_norisk	19.1	83
37w_norisk	20.1	107
37w_norisk	20.2	131
37w_norisk	20.3	155
37w_norisk	20.4	179
37w_norisk	20.5	203
37w_norisk	20.6	227
37w_norisk	20.7	251
37w_norisk	20.8	275
37w_norisk	20.9	299
37w_norisk	21	323
37w_norisk	21.1	347
37w_norisk	9.6	12
37w_norisk	13.6	36
37w_norisk	16.9	60
37w_norisk	19.2	84
37w_norisk	20.1	108
37w_norisk	20.2	132
37w_norisk	20.3	156
37w_norisk	20.4	180
37w_norisk	20.5	204
37w_norisk	20.6	228
37w_norisk	20.7	252
37w_norisk	20.8	276
37w_norisk	20.9	300
37w_norisk	21	324
37w_norisk	21.1	348
37w_norisk	9.8	13
37w_norisk	13.8	37
37w_norisk	17	61
37w_norisk	19.3	85
37w_norisk	20.1	109
37w_norisk	20.2	133
37w_norisk	20.3	157
37w_norisk	20.4	181
37w_norisk	20.5	205
37w_norisk	20.6	229
37w_norisk	20.7	253
37w_norisk	20.8	277
37w_norisk	20.9	301
37w_norisk	21	325
37w_norisk	21.1	349
37w_norisk	9.9	14
37w_norisk	13.9	38
37w_norisk	17.1	62
37w_norisk	19.4	86
37w_norisk	20.1	110
37w_norisk	20.2	134
37w_norisk	20.3	158
37w_norisk	20.4	182
37w_norisk	20.5	206
37w_norisk	20.6	230
37w_norisk	20.7	254
37w_norisk	20.8	278
37w_norisk	20.9	302
37w_norisk	21	326
37w_norisk	21.1	350
37w_norisk	10.1	15
37w_norisk	14.1	39
37w_norisk	17.2	63
37w_norisk	19.4	87
37w_norisk	20.1	111
37w_norisk	20.2	135
37w_norisk	20.3	159
37w_norisk	20.4	183
37w_norisk	20.5	207
37w_norisk	20.6	231
37w_norisk	20.7	255
37w_norisk	20.8	279
37w_norisk	20.9	303
37w_norisk	21	327
37w_norisk	21.1	351
37w_norisk	10.3	16
37w_norisk	14.2	40
37w_norisk	17.3	64
37w_norisk	19.5	88
37w_norisk	20.1	112
37w_norisk	20.2	136
37w_norisk	20.3	160
37w_norisk	20.4	184
37w_norisk	20.5	208
37w_norisk	20.6	232
37w_norisk	20.7	256
37w_norisk	20.8	280
37w_norisk	20.9	304
37w_norisk	21	328
37w_norisk	21.1	352
37w_norisk	10.5	17
37w_norisk	14.4	41
37w_norisk	17.4	65
37w_norisk	19.6	89
37w_norisk	20.1	113
37w_norisk	20.2	137
37w_norisk	20.3	161
37w_norisk	20.4	185
37w_norisk	20.5	209
37w_norisk	20.6	233
37w_norisk	20.7	257
37w_norisk	20.8	281
37w_norisk	20.9	305
37w_norisk	21	329
37w_norisk	21.1	353
37w_norisk	10.7	18
37w_norisk	14.5	42
37w_norisk	17.5	66
37w_norisk	19.7	90
37w_norisk	20.1	114
37w_norisk	20.2	138
37w_norisk	20.3	162
37w_norisk	20.4	186
37w_norisk	20.5	210
37w_norisk	20.6	234
37w_norisk	20.7	258
37w_norisk	20.8	282
37w_norisk	21	306
37w_norisk	21.1	330
37w_norisk	21.1	354
37w_norisk	10.8	19
37w_norisk	14.7	43
37w_norisk	17.6	67
37w_norisk	19.7	91
37w_norisk	20.1	115
37w_norisk	20.2	139
37w_norisk	20.3	163
37w_norisk	20.4	187
37w_norisk	20.5	211
37w_norisk	20.6	235
37w_norisk	20.8	259
37w_norisk	20.9	283
37w_norisk	21	307
37w_norisk	21.1	331
37w_norisk	21.1	355
37w_norisk	11	20
37w_norisk	14.8	44
37w_norisk	17.7	68
37w_norisk	19.8	92
37w_norisk	20.1	116
37w_norisk	20.2	140
37w_norisk	20.3	164
37w_norisk	20.4	188
37w_norisk	20.5	212
37w_norisk	20.7	236
37w_norisk	20.8	260
37w_norisk	20.9	284
37w_norisk	21	308
37w_norisk	21.1	332
37w_norisk	21.1	356
37w_norisk	11.2	21
37w_norisk	15	45
37w_norisk	17.8	69
37w_norisk	19.9	93
37w_norisk	20.1	117
37w_norisk	20.2	141
37w_norisk	20.3	165
37w_norisk	20.5	189
37w_norisk	20.6	213
37w_norisk	20.7	237
37w_norisk	20.8	261
37w_norisk	20.9	285
37w_norisk	21	309
37w_norisk	21.1	333
37w_norisk	21.1	357
37w_norisk	11.4	22
37w_norisk	15.1	46
37w_norisk	17.9	70
37w_norisk	19.9	94
37w_norisk	20.1	118
37w_norisk	20.2	142
37w_norisk	20.4	166
37w_norisk	20.5	190
37w_norisk	20.6	214
37w_norisk	20.7	238
37w_norisk	20.8	262
37w_norisk	20.9	286
37w_norisk	21	310
37w_norisk	21.1	334
37w_norisk	21.1	358
37w_norisk	11.5	23
37w_norisk	15.2	47
37w_norisk	18	71
37w_norisk	20	95
37w_norisk	20.1	119
37w_norisk	20.3	143
37w_norisk	20.4	167
37w_norisk	20.5	191
37w_norisk	20.6	215
37w_norisk	20.7	239
37w_norisk	20.8	263
37w_norisk	20.9	287
37w_norisk	21	311
37w_norisk	21.1	335
37w_norisk	21.1	359
NA	NA	NA
38w_norisk	NA	0
38w_norisk	12.3	24
38w_norisk	16	48
38w_norisk	18.8	72
38w_norisk	20.7	96
38w_norisk	20.9	120
38w_norisk	21	144
38w_norisk	21.1	168
38w_norisk	21.2	192
38w_norisk	21.3	216
38w_norisk	21.4	240
38w_norisk	21.5	264
38w_norisk	21.6	288
38w_norisk	21.7	312
38w_norisk	7.9	1
38w_norisk	12.4	25
38w_norisk	16.1	49
38w_norisk	18.9	73
38w_norisk	20.8	97
38w_norisk	20.9	121
38w_norisk	21	145
38w_norisk	21.1	169
38w_norisk	21.2	193
38w_norisk	21.3	217
38w_norisk	21.4	241
38w_norisk	21.5	265
38w_norisk	21.6	289
38w_norisk	21.7	313
38w_norisk	8.1	2
38w_norisk	12.6	26
38w_norisk	16.2	50
38w_norisk	19	74
38w_norisk	20.8	98
38w_norisk	20.9	122
38w_norisk	21	146
38w_norisk	21.1	170
38w_norisk	21.2	194
38w_norisk	21.3	218
38w_norisk	21.4	242
38w_norisk	21.5	266
38w_norisk	21.6	290
38w_norisk	21.7	314
38w_norisk	8.3	3
38w_norisk	12.8	27
38w_norisk	16.4	51
38w_norisk	19.1	75
38w_norisk	20.8	99
38w_norisk	20.9	123
38w_norisk	21	147
38w_norisk	21.1	171
38w_norisk	21.2	195
38w_norisk	21.3	219
38w_norisk	21.4	243
38w_norisk	21.5	267
38w_norisk	21.6	291
38w_norisk	21.7	315
38w_norisk	8.5	4
38w_norisk	12.9	28
38w_norisk	16.5	52
38w_norisk	19.2	76
38w_norisk	20.8	100
38w_norisk	20.9	124
38w_norisk	21	148
38w_norisk	21.1	172
38w_norisk	21.2	196
38w_norisk	21.3	220
38w_norisk	21.4	244
38w_norisk	21.5	268
38w_norisk	21.6	292
38w_norisk	21.7	316
38w_norisk	8.7	5
38w_norisk	13.1	29
38w_norisk	16.6	53
38w_norisk	19.3	77
38w_norisk	20.8	101
38w_norisk	20.9	125
38w_norisk	21	149
38w_norisk	21.1	173
38w_norisk	21.2	197
38w_norisk	21.3	221
38w_norisk	21.4	245
38w_norisk	21.5	269
38w_norisk	21.6	293
38w_norisk	21.7	317
38w_norisk	8.9	6
38w_norisk	13.3	30
38w_norisk	16.8	54
38w_norisk	19.4	78
38w_norisk	20.8	102
38w_norisk	20.9	126
38w_norisk	21	150
38w_norisk	21.1	174
38w_norisk	21.2	198
38w_norisk	21.3	222
38w_norisk	21.4	246
38w_norisk	21.5	270
38w_norisk	21.6	294
38w_norisk	21.7	318
38w_norisk	9.1	7
38w_norisk	13.4	31
38w_norisk	16.9	55
38w_norisk	19.5	79
38w_norisk	20.8	103
38w_norisk	20.9	127
38w_norisk	21	151
38w_norisk	21.1	175
38w_norisk	21.2	199
38w_norisk	21.3	223
38w_norisk	21.4	247
38w_norisk	21.5	271
38w_norisk	21.6	295
38w_norisk	21.7	319
38w_norisk	9.3	8
38w_norisk	13.6	32
38w_norisk	17	56
38w_norisk	19.5	80
38w_norisk	20.8	104
38w_norisk	20.9	128
38w_norisk	21	152
38w_norisk	21.1	176
38w_norisk	21.2	200
38w_norisk	21.3	224
38w_norisk	21.4	248
38w_norisk	21.5	272
38w_norisk	21.6	296
38w_norisk	21.7	320
38w_norisk	9.5	9
38w_norisk	13.8	33
38w_norisk	17.1	57
38w_norisk	19.6	81
38w_norisk	20.8	105
38w_norisk	20.9	129
38w_norisk	21	153
38w_norisk	21.1	177
38w_norisk	21.2	201
38w_norisk	21.3	225
38w_norisk	21.4	249
38w_norisk	21.5	273
38w_norisk	21.6	297
38w_norisk	21.7	321
38w_norisk	9.7	10
38w_norisk	13.9	34
38w_norisk	17.3	58
38w_norisk	19.7	82
38w_norisk	20.8	106
38w_norisk	20.9	130
38w_norisk	21	154
38w_norisk	21.1	178
38w_norisk	21.2	202
38w_norisk	21.3	226
38w_norisk	21.4	250
38w_norisk	21.5	274
38w_norisk	21.6	298
38w_norisk	21.7	322
38w_norisk	9.9	11
38w_norisk	14.1	35
38w_norisk	17.4	59
38w_norisk	19.8	83
38w_norisk	20.8	107
38w_norisk	20.9	131
38w_norisk	21	155
38w_norisk	21.1	179
38w_norisk	21.2	203
38w_norisk	21.3	227
38w_norisk	21.4	251
38w_norisk	21.5	275
38w_norisk	21.6	299
38w_norisk	21.7	323
38w_norisk	10.1	12
38w_norisk	14.2	36
38w_norisk	17.5	60
38w_norisk	19.9	84
38w_norisk	20.8	108
38w_norisk	20.9	132
38w_norisk	21	156
38w_norisk	21.1	180
38w_norisk	21.2	204
38w_norisk	21.3	228
38w_norisk	21.4	252
38w_norisk	21.5	276
38w_norisk	21.6	300
38w_norisk	21.7	324
38w_norisk	10.3	13
38w_norisk	14.4	37
38w_norisk	17.6	61
38w_norisk	20	85
38w_norisk	20.8	109
38w_norisk	20.9	133
38w_norisk	21	157
38w_norisk	21.1	181
38w_norisk	21.2	205
38w_norisk	21.3	229
38w_norisk	21.4	253
38w_norisk	21.5	277
38w_norisk	21.6	301
38w_norisk	NA	325
38w_norisk	10.5	14
38w_norisk	14.5	38
38w_norisk	17.7	62
38w_norisk	20	86
38w_norisk	20.8	110
38w_norisk	20.9	134
38w_norisk	21	158
38w_norisk	21.1	182
38w_norisk	21.2	206
38w_norisk	21.3	230
38w_norisk	21.4	254
38w_norisk	21.6	278
38w_norisk	21.7	302
38w_norisk	21.8	326
38w_norisk	10.7	15
38w_norisk	14.7	39
38w_norisk	17.8	63
38w_norisk	20.1	87
38w_norisk	20.8	111
38w_norisk	20.9	135
38w_norisk	21	159
38w_norisk	21.1	183
38w_norisk	21.2	207
38w_norisk	21.4	231
38w_norisk	21.5	255
38w_norisk	21.6	279
38w_norisk	21.7	303
38w_norisk	21.8	327
38w_norisk	10.8	16
38w_norisk	14.8	40
38w_norisk	17.9	64
38w_norisk	20.2	88
38w_norisk	20.8	112
38w_norisk	20.9	136
38w_norisk	21	160
38w_norisk	21.1	184
38w_norisk	21.3	208
38w_norisk	21.4	232
38w_norisk	21.5	256
38w_norisk	21.6	280
38w_norisk	21.7	304
38w_norisk	21.8	328
38w_norisk	11	17
38w_norisk	15	41
38w_norisk	18.1	65
38w_norisk	20.3	89
38w_norisk	20.8	113
38w_norisk	20.9	137
38w_norisk	21	161
38w_norisk	21.2	185
38w_norisk	21.3	209
38w_norisk	21.4	233
38w_norisk	21.5	257
38w_norisk	21.6	281
38w_norisk	21.7	305
38w_norisk	21.8	329
38w_norisk	11.2	18
38w_norisk	15.1	42
38w_norisk	18.2	66
38w_norisk	20.3	90
38w_norisk	20.8	114
38w_norisk	21	138
38w_norisk	21.1	162
38w_norisk	21.2	186
38w_norisk	21.3	210
38w_norisk	21.4	234
38w_norisk	21.5	258
38w_norisk	21.6	282
38w_norisk	21.7	306
38w_norisk	21.8	330
38w_norisk	11.4	19
38w_norisk	15.3	43
38w_norisk	18.3	67
38w_norisk	20.4	91
38w_norisk	20.9	115
38w_norisk	21	139
38w_norisk	21.1	163
38w_norisk	21.2	187
38w_norisk	21.3	211
38w_norisk	21.4	235
38w_norisk	21.5	259
38w_norisk	21.6	283
38w_norisk	21.7	307
38w_norisk	21.8	331
38w_norisk	11.6	20
38w_norisk	15.4	44
38w_norisk	18.4	68
38w_norisk	20.5	92
38w_norisk	20.9	116
38w_norisk	21	140
38w_norisk	21.1	164
38w_norisk	21.2	188
38w_norisk	21.3	212
38w_norisk	21.4	236
38w_norisk	21.5	260
38w_norisk	21.6	284
38w_norisk	21.7	308
38w_norisk	21.8	332
38w_norisk	11.7	21
38w_norisk	15.6	45
38w_norisk	18.5	69
38w_norisk	20.6	93
38w_norisk	20.9	117
38w_norisk	21	141
38w_norisk	21.1	165
38w_norisk	21.2	189
38w_norisk	21.3	213
38w_norisk	21.4	237
38w_norisk	21.5	261
38w_norisk	21.6	285
38w_norisk	21.7	309
38w_norisk	21.8	333
38w_norisk	11.9	22
38w_norisk	15.7	46
38w_norisk	18.6	70
38w_norisk	20.6	94
38w_norisk	20.9	118
38w_norisk	21	142
38w_norisk	21.1	166
38w_norisk	21.2	190
38w_norisk	21.3	214
38w_norisk	21.4	238
38w_norisk	21.5	262
38w_norisk	21.6	286
38w_norisk	21.7	310
38w_norisk	21.8	334
38w_norisk	12.1	23
38w_norisk	15.8	47
38w_norisk	18.7	71
38w_norisk	20.7	95
38w_norisk	20.9	119
38w_norisk	21	143
38w_norisk	21.1	167
38w_norisk	21.2	191
38w_norisk	21.3	215
38w_norisk	21.4	239
38w_norisk	21.5	263
38w_norisk	21.6	287
38w_norisk	21.7	311
38w_norisk	21.8	335
NA	NA	NA
39w_norisk	NA	0
39w_norisk	12.8	24
39w_norisk	16.6	48
39w_norisk	19.5	72
39w_norisk	21.5	96
39w_norisk	21.6	120
39w_norisk	21.7	144
39w_norisk	8.4	1
39w_norisk	13	25
39w_norisk	16.7	49
39w_norisk	19.6	73
39w_norisk	21.5	97
39w_norisk	21.6	121
39w_norisk	21.7	145
39w_norisk	8.6	2
39w_norisk	13.2	26
39w_norisk	16.8	50
39w_norisk	19.7	74
39w_norisk	21.5	98
39w_norisk	21.6	122
39w_norisk	21.7	146
39w_norisk	8.8	3
39w_norisk	13.3	27
39w_norisk	17	51
39w_norisk	19.7	75
39w_norisk	21.5	99
39w_norisk	21.6	123
39w_norisk	21.7	147
39w_norisk	9	4
39w_norisk	13.5	28
39w_norisk	17.1	52
39w_norisk	19.8	76
39w_norisk	21.5	100
39w_norisk	21.6	124
39w_norisk	21.7	148
39w_norisk	9.3	5
39w_norisk	13.7	29
39w_norisk	17.2	53
39w_norisk	19.9	77
39w_norisk	21.5	101
39w_norisk	21.6	125
39w_norisk	21.7	149
39w_norisk	9.5	6
39w_norisk	13.8	30
39w_norisk	17.4	54
39w_norisk	20	78
39w_norisk	21.5	102
39w_norisk	21.6	126
39w_norisk	21.7	150
39w_norisk	9.7	7
39w_norisk	14	31
39w_norisk	17.5	55
39w_norisk	20.1	79
39w_norisk	21.5	103
39w_norisk	21.6	127
39w_norisk	21.7	151
39w_norisk	9.9	8
39w_norisk	14.2	32
39w_norisk	17.6	56
39w_norisk	20.2	80
39w_norisk	21.5	104
39w_norisk	21.6	128
39w_norisk	21.7	152
39w_norisk	10	9
39w_norisk	14.3	33
39w_norisk	17.8	57
39w_norisk	20.3	81
39w_norisk	21.5	105
39w_norisk	21.6	129
39w_norisk	21.7	153
39w_norisk	10.2	10
39w_norisk	14.5	34
39w_norisk	17.9	58
39w_norisk	20.4	82
39w_norisk	21.5	106
39w_norisk	21.6	130
39w_norisk	21.7	154
39w_norisk	10.4	11
39w_norisk	14.7	35
39w_norisk	18	59
39w_norisk	20.5	83
39w_norisk	21.5	107
39w_norisk	21.6	131
39w_norisk	21.7	155
39w_norisk	10.6	12
39w_norisk	14.8	36
39w_norisk	18.1	60
39w_norisk	20.6	84
39w_norisk	21.5	108
39w_norisk	21.6	132
39w_norisk	21.7	156
39w_norisk	10.8	13
39w_norisk	15	37
39w_norisk	18.2	61
39w_norisk	20.6	85
39w_norisk	21.5	109
39w_norisk	21.6	133
39w_norisk	NA	157
39w_norisk	11	14
39w_norisk	15.1	38
39w_norisk	18.4	62
39w_norisk	20.7	86
39w_norisk	21.6	110
39w_norisk	21.7	134
39w_norisk	21.8	158
39w_norisk	11.2	15
39w_norisk	15.3	39
39w_norisk	18.5	63
39w_norisk	20.8	87
39w_norisk	21.6	111
39w_norisk	21.7	135
39w_norisk	21.8	159
39w_norisk	11.4	16
39w_norisk	15.4	40
39w_norisk	18.6	64
39w_norisk	20.9	88
39w_norisk	21.6	112
39w_norisk	21.7	136
39w_norisk	21.8	160
39w_norisk	11.6	17
39w_norisk	15.6	41
39w_norisk	18.7	65
39w_norisk	21	89
39w_norisk	21.6	113
39w_norisk	21.7	137
39w_norisk	21.8	161
39w_norisk	11.8	18
39w_norisk	15.7	42
39w_norisk	18.8	66
39w_norisk	21	90
39w_norisk	21.6	114
39w_norisk	21.7	138
39w_norisk	21.8	162
39w_norisk	11.9	19
39w_norisk	15.9	43
39w_norisk	18.9	67
39w_norisk	21.1	91
39w_norisk	21.6	115
39w_norisk	21.7	139
39w_norisk	21.8	163
39w_norisk	12.1	20
39w_norisk	16	44
39w_norisk	19	68
39w_norisk	21.2	92
39w_norisk	21.6	116
39w_norisk	21.7	140
39w_norisk	21.8	164
39w_norisk	12.3	21
39w_norisk	16.2	45
39w_norisk	19.1	69
39w_norisk	21.3	93
39w_norisk	21.6	117
39w_norisk	21.7	141
39w_norisk	21.8	165
39w_norisk	12.5	22
39w_norisk	16.3	46
39w_norisk	19.2	70
39w_norisk	21.3	94
39w_norisk	21.6	118
39w_norisk	21.7	142
39w_norisk	21.8	166
39w_norisk	12.7	23
39w_norisk	16.4	47
39w_norisk	19.3	71
39w_norisk	21.4	95
39w_norisk	21.6	119
39w_norisk	21.7	143
39w_norisk	21.8	167
NA	NA	NA
40w_norisk	NA	0
40w_norisk	13.3	24
40w_norisk	17	48
40w_norisk	19.8	72
40w_norisk	NA	96
40w_norisk	8.9	1
40w_norisk	13.5	25
40w_norisk	17.1	49
40w_norisk	19.9	73
40w_norisk	21.8	97
40w_norisk	9.1	2
40w_norisk	13.6	26
40w_norisk	17.3	50
40w_norisk	20	74
40w_norisk	21.8	98
40w_norisk	9.3	3
40w_norisk	13.8	27
40w_norisk	17.4	51
40w_norisk	20.1	75
40w_norisk	21.8	99
40w_norisk	9.6	4
40w_norisk	14	28
40w_norisk	17.5	52
40w_norisk	20.2	76
40w_norisk	21.8	100
40w_norisk	9.8	5
40w_norisk	14.1	29
40w_norisk	17.7	53
40w_norisk	20.3	77
40w_norisk	21.8	101
40w_norisk	10	6
40w_norisk	14.3	30
40w_norisk	17.8	54
40w_norisk	20.4	78
40w_norisk	21.8	102
40w_norisk	10.2	7
40w_norisk	14.5	31
40w_norisk	17.9	55
40w_norisk	20.5	79
40w_norisk	21.8	103
40w_norisk	10.4	8
40w_norisk	14.6	32
40w_norisk	18	56
40w_norisk	20.6	80
40w_norisk	21.8	104
40w_norisk	10.5	9
40w_norisk	14.8	33
40w_norisk	18.2	57
40w_norisk	20.7	81
40w_norisk	21.8	105
40w_norisk	10.7	10
40w_norisk	15	34
40w_norisk	18.3	58
40w_norisk	20.7	82
40w_norisk	21.8	106
40w_norisk	10.9	11
40w_norisk	15.1	35
40w_norisk	18.4	59
40w_norisk	20.8	83
40w_norisk	21.8	107
40w_norisk	11.1	12
40w_norisk	15.3	36
40w_norisk	18.5	60
40w_norisk	20.9	84
40w_norisk	21.8	108
40w_norisk	11.3	13
40w_norisk	15.4	37
40w_norisk	18.6	61
40w_norisk	21	85
40w_norisk	21.8	109
40w_norisk	11.5	14
40w_norisk	15.6	38
40w_norisk	18.8	62
40w_norisk	21.1	86
40w_norisk	21.8	110
40w_norisk	11.7	15
40w_norisk	15.7	39
40w_norisk	18.9	63
40w_norisk	21.1	87
40w_norisk	21.8	111
40w_norisk	11.9	16
40w_norisk	15.9	40
40w_norisk	19	64
40w_norisk	21.2	88
40w_norisk	21.8	112
40w_norisk	12.1	17
40w_norisk	16	41
40w_norisk	19.1	65
40w_norisk	21.3	89
40w_norisk	21.8	113
40w_norisk	12.2	18
40w_norisk	16.2	42
40w_norisk	19.2	66
40w_norisk	21.4	90
40w_norisk	21.8	114
40w_norisk	12.4	19
40w_norisk	16.3	43
40w_norisk	19.3	67
40w_norisk	21.4	91
40w_norisk	21.8	115
40w_norisk	12.6	20
40w_norisk	16.4	44
40w_norisk	19.4	68
40w_norisk	21.5	92
40w_norisk	21.8	116
40w_norisk	12.8	21
40w_norisk	16.6	45
40w_norisk	19.6	69
40w_norisk	21.6	93
40w_norisk	21.8	117
40w_norisk	13	22
40w_norisk	16.7	46
40w_norisk	19.7	70
40w_norisk	21.6	94
40w_norisk	21.8	118
40w_norisk	13.1	23
40w_norisk	16.9	47
40w_norisk	19.7	71
40w_norisk	21.7	95
40w_norisk	21.8	119
